fromLatitude,fromLongitude,toLatitude,toLongitude
35.764722, 140.386389, 40.639751, -73.778925
36.7166, 127.499119, -13.2314, -38.5432
55.878333,38.061667, 43.677223, -79.63055
55.878333,38.061667, 43.677223, -79.63055